Constituency Name,Candidate surname,Candidate First Name,Result,Count Number,Non-Transferable,Occurred On Count,Required To Reach Quota,Required To Save Deposit,Transfers,Votes,Total Votes,Constituency Number,Candidate Id
Carlow-Kilkenny,AYLWARD,BOBBY,,1,0,0,4724,0,0,7550,7550,1,161
Carlow-Kilkenny,BYRNE,HELENA,,1,0,0,11282,2077,0,992,992,1,162
Carlow-Kilkenny,DEERING,PAT,,1,0,0,6345,0,0,5929,5929,1,163
Carlow-Kilkenny,FUNCHION,KATHLEEN,Elected,1,0,1,0,0,0,17493,17493,1,164
Carlow-Kilkenny,HAYES,ALAN,,1,0,0,9927,722,0,2347,2347,1,165
Carlow-Kilkenny,HYNES,DENIS,,1,0,0,10066,861,0,2208,2208,1,166
Carlow-Kilkenny,McGUINNESS,JOHN,,1,0,0,1716,0,0,10558,10558,1,167
Carlow-Kilkenny,MURNANE Oï¿½CONNOR,JENNIFER,,1,0,0,2923,0,0,9351,9351,1,168
Carlow-Kilkenny,NOONAN,MALCOLM,,1,0,0,7332,0,0,4942,4942,1,169
Carlow-Kilkenny,Oï¿½NEILL,MELISSA,,1,0,0,11843,2638,0,431,431,1,170
Carlow-Kilkenny,O'NEILL,PATRICK,,1,0,0,8600,0,0,3674,3674,1,171
Carlow-Kilkenny,PHELAN,JOHN PAUL,,1,0,0,5878,0,0,6396,6396,1,172
Carlow-Kilkenny,RAY,ANGELA,,1,0,0,12060,2855,0,214,214,1,175
Carlow-Kilkenny,WALLACE,ADRIENNE,,1,0,0,10716,1511,0,1558,1558,1,174
Cavan-Monaghan,Carthy,Matt,Elected,1,0,1,0,0,0,16310,16310,2,186
Cavan-Monaghan,Donnelly,Tate,,1,0,0,9530,507,0,2501,2501,2,187
Cavan-Monaghan,Duffy,Joseph,,1,0,0,11872,2849,0,159,159,2,188
Cavan-Monaghan,Gallagher,Robbie,,1,0,0,6969,0,0,5062,5062,2,189
Cavan-Monaghan,Humphreys,Heather,Elected,1,0,1,0,0,0,12808,12808,2,190
Cavan-Monaghan,McIntyre,Sandra,,1,0,0,10730,1707,0,1301,1301,2,191
Cavan-Monaghan,O'Reilly,Sarah,,1,0,0,8191,0,0,3840,3840,2,193
Cavan-Monaghan,O'Reilly,T.P.,,1,0,0,6907,0,0,5124,5124,2,194
Cavan-Monaghan,Smith,Brendan,,1,0,0,4677,0,0,7354,7354,2,195
Cavan-Monaghan,Smith,Emmett,,1,0,0,11201,2178,0,830,830,2,196
Cavan-Monaghan,Smyth,Niamh,,1,0,0,6286,0,0,5745,5745,2,197
Cavan-Monaghan,Tully,Pauline,,1,0,0,1865,0,0,10166,10166,2,198
Cavan-Monaghan,Van Der Spek,Liam,,1,0,0,11048,2025,0,983,983,2,199
Clare,Barrett,David,,1,0,0,11500,2576,0,400,400,3,161
Clare,Breen,Pat,,1,0,0,6494,0,0,5406,5406,3,162
Clare,Carey,Joe,,1,0,0,6216,0,0,5684,5684,3,164
Clare,Conway,Martin,,1,0,0,9615,691,0,2285,2285,3,165
Clare,Crowe,Cathal,,1,0,0,3545,0,0,8355,8355,3,166
Clare,Dooley,Timmy,,1,0,0,4137,0,0,7763,7763,3,167
Clare,Garvey,Roisin,,1,0,0,6276,0,0,5624,5624,3,168
Clare,Leahy,Michael,,1,0,0,11196,2272,0,704,704,3,169
Clare,Leyden,Trudy Ann,,1,0,0,11682,2758,0,218,218,3,170
Clare,McInerney,Rita,,1,0,0,7764,0,0,4136,4136,3,171
Clare,McNamara,Michael,,1,0,0,4568,0,0,7332,7332,3,172
Clare,O'Brien,Conor,,1,0,0,11713,2789,0,187,187,3,173
Clare,O'Donohoe,Theresa,,1,0,0,10704,1780,0,1196,1196,3,174
Clare,Woulfe,Joseph,,1,0,0,10682,1758,0,1218,1218,3,175
Clare,Wynne,Violet-Anne,,1,0,0,2913,0,0,8987,8987,3,176
Cork East,Buckley,Pat,Elected,1,0,1,0,0,0,12587,12587,4,161
Cork East,Conor,Hannon,,1,0,0,9572,1391,0,1337,1337,4,162
Cork East,Kiely,Thomas,,1,0,0,10474,2293,0,435,435,4,163
Cork East,Linehan-Foley,Mary,,1,0,0,7006,0,0,3903,3903,4,164
Cork East,O'Connor,James,,1,0,0,3883,0,0,7026,7026,4,165
Cork East,O'Driscoll,Pa,,1,0,0,6355,0,0,4554,4554,4,166
Cork East,O'Grady,Shane,,1,0,0,10642,2461,0,267,267,4,167
Cork East,O'Keeffe,Kevin,,1,0,0,3495,0,0,7414,7414,4,168
Cork East,O'Leary,Sean,,1,0,0,10845,2664,0,64,64,4,169
Cork East,Quaide,Liam,,1,0,0,7160,0,0,3749,3749,4,170
Cork East,Sherlock,Seï¿½n,,1,0,0,4299,0,0,6610,6610,4,171
Cork East,Shinnick,Frank,,1,0,0,10454,2273,0,455,455,4,172
Cork East,Stanton,David,,1,0,0,4766,0,0,6143,6143,4,173
Cork North Central,Barry,Mick,,1,0,0,6653,0,0,3703,3703,5,161
Cork North Central,Burke,Colm,,1,0,0,3710,0,0,6646,6646,5,162
Cork North Central,Coughlan,James,,1,0,0,10176,2410,0,180,180,5,163
Cork North Central,Fitzgerald,Tony,,1,0,0,7018,0,0,3338,3338,5,164
Cork North Central,Gould,Thomas,Elected,1,0,1,0,0,0,13811,13811,5,165
Cork North Central,Halpin,Sinead,,1,0,0,9235,1469,0,1121,1121,5,166
Cork North Central,Hogan,Timothy Joseph (T.J.),,1,0,0,10099,2333,0,257,257,5,167
Cork North Central,Keohane,Ger,,1,0,0,9662,1896,0,694,694,5,168
Cork North Central,Maher,John,,1,0,0,7795,29,0,2561,2561,5,169
Cork North Central,Moran,Oliver,,1,0,0,7151,0,0,3205,3205,5,170
Cork North Central,Murphy,Sandra,,1,0,0,9138,1372,0,1218,1218,5,171
Cork North Central,O Cadhla,Diarmaid,,1,0,0,10126,2360,0,230,230,5,172
Cork North Central,O'Donovan,Stephen James,,1,0,0,10312,2546,0,44,44,5,173
Cork North Central,O'Flynn,Kenneth,,1,0,0,6362,0,0,3994,3994,5,174
Cork North Central,O'Leary,Sean,,1,0,0,10219,2453,0,137,137,5,175
Cork North Central,O'Neill,Lorraine,,1,0,0,9200,1434,0,1156,1156,5,176
Cork North Central,O'Sullivan,Padraig,,1,0,0,2198,0,0,8158,8158,5,177
Cork North Central,Toomey,Finian,,1,0,0,9031,1265,0,1325,1325,5,178
Cork North West,CREED,MICHAEL,,1,0,0,3255,0,0,8338,8338,6,161
Cork North West,FINN,COLETTE,,1,0,0,8098,0,0,3495,3495,6,162
Cork North West,KEALY,BECKY,,1,0,0,7716,0,0,3877,3877,6,163
Cork North West,McCARTHY,CIARï¿½N,,1,0,0,7748,0,0,3845,3845,6,164
Cork North West,MOYNIHAN,AINDRIAS,,1,0,0,1965,0,0,9628,9628,6,165
Cork North West,MOYNIHAN,MICHAEL,,1,0,0,2942,0,0,8651,8651,6,166
Cork North West,NIC DOMHNAILL,TARA,,1,0,0,10637,1943,0,956,956,6,167
Cork North West,O'LEARY,SEAN,,1,0,0,11078,2384,0,515,515,6,168
Cork North West,O'SHEA,JOHN PAUL,,1,0,0,4528,0,0,7065,7065,6,169
Cork South Central,Bogue,Lorna,,1,0,0,6050,0,0,5379,5379,7,161
Cork South Central,Buttimer,Jerry,,1,0,0,8601,30,0,2828,2828,7,162
Cork South Central,Coveney,Simon,,1,0,0,2102,0,0,9327,9327,7,163
Cork South Central,Daly,Anna,,1,0,0,10079,1508,0,1350,1350,7,164
Cork South Central,Dineen,Paudie,,1,0,0,11000,2429,0,429,429,7,165
Cork South Central,Donohoe,John,,1,0,0,11326,2755,0,103,103,7,166
Cork South Central,Kennedy,Ciara,,1,0,0,10166,1595,0,1263,1263,7,167
Cork South Central,Martin,Micheï¿½l,,1,0,0,406,0,0,11023,11023,7,168
Cork South Central,McGrath,Michael,,1,0,0,2193,0,0,9236,9236,7,169
Cork South Central,Murray Walsh,Bobby,,1,0,0,10665,2094,0,764,764,7,170
Cork South Central,Ó Laoghaire,Donnchadh,Elected,1,0,1,0,0,0,14057,14057,7,173
Cork South Central,O'Brien,William,,1,0,0,11227,2656,0,202,202,7,171
Cork South Central,O'Dwyer,Patricia,,1,0,0,10352,1781,0,1077,1077,7,172
Cork South Central,O'Leary,Sean,,1,0,0,11327,2756,0,102,102,7,174
Cork South West,Cairns,Holly,,1,0,0,6389,0,0,4696,4696,8,161
Cork South West,Coakley,Karen,,1,0,0,8559,246,0,2526,2526,8,162
Cork South West,Coleman,Alan,,1,0,0,9284,971,0,1801,1801,8,163
Cork South West,Collins,Michael,Elected,1,0,1,0,0,0,11712,11712,8,164
Cork South West,Connolly,Bernadette,,1,0,0,9438,1125,0,1647,1647,8,165
Cork South West,Hayes,Paul,,1,0,0,6308,0,0,4777,4777,8,166
Cork South West,Lombard,Tim,,1,0,0,5220,0,0,5865,5865,8,167
Cork South West,Murphy O'Mahony,Margaret,,1,0,0,7008,0,0,4077,4077,8,168
Cork South West,O'Connor,Kevin,,1,0,0,10658,2345,0,427,427,8,169
Cork South West,O'Leary,Sean,,1,0,0,11052,2739,0,33,33,8,170
Cork South West,O'Sullivan,Christopher,,1,0,0,4823,0,0,6262,6262,8,171
Cork South West,Ruane,Mairead,,1,0,0,10570,2257,0,515,515,8,172
Donegal,Casey,Peter,,1,0,0,11766,2085,0,1143,1143,9,161
Donegal,Doherty,Pearse,Elected,1,0,1,0,0,0,21044,21044,9,162
Donegal,Gallagher,Pat The Cope,,1,0,0,5440,0,0,7469,7469,9,163
Donegal,Harley,Martin M.,,1,0,0,9853,172,0,3056,3056,9,164
Donegal,MacLochlainn,Pï¿½draig,Elected,1,0,1,0,0,0,13891,13891,9,165
Donegal,Mc Guinness,Arthur Desmond,,1,0,0,12853,3172,0,56,56,9,168
Donegal,McConalogue,Charlie,,1,0,0,4562,0,0,8347,8347,9,166
Donegal,McConnell,Niall,,1,0,0,12329,2648,0,580,580,9,167
Donegal,McHugh,Joe,,1,0,0,5288,0,0,7621,7621,9,169
Donegal,O'Donnell,John,,1,0,0,8174,0,0,4735,4735,9,170
Donegal,Pringle,Thomas,,1,0,0,7437,0,0,5472,5472,9,172
Donegal,Sweeney,Mary T.,,1,0,0,10527,846,0,2382,2382,9,173
Donegal,White,Michael,,1,0,0,11253,1572,0,1656,1656,9,175
Dublin Bay North,Bruton,Richard,,1,0,0,779,0,0,11156,11156,13,161
Dublin Bay North,Burke,Michael Paul,,1,0,0,11565,2614,0,370,370,13,162
Dublin Bay North,Creaven,Conor,,1,0,0,11517,2566,0,418,418,13,163
Dublin Bay North,Garrigan,Brian,,1,0,0,11563,2612,0,372,372,13,164
Dublin Bay North,Gilroy,Ben,,1,0,0,11164,2213,0,771,771,13,165
Dublin Bay North,Haughey,Seï¿½n,,1,0,0,5284,0,0,6651,6651,13,166
Dublin Bay North,Healy,David,,1,0,0,6893,0,0,5042,5042,13,167
Dublin Bay North,Heney,Deirdre,,1,0,0,8292,0,0,3643,3643,13,168
Dublin Bay North,Lyons,John,,1,0,0,10053,1102,0,1882,1882,13,169
Dublin Bay North,McEvoy,Linda,,1,0,0,11733,2782,0,202,202,13,170
Dublin Bay North,Mitchell,Denise,Elected,1,0,1,0,0,0,21344,21344,13,171
Dublin Bay North,Mulvany,Bernard,,1,0,0,10526,1575,0,1409,1409,13,172
Dublin Bay North,Noone,Catherine,,1,0,0,9656,705,0,2279,2279,13,173
Dublin Bay North,Ó Conaráin,Proinsias,,1,0,0,10962,2011,0,973,973,13,176
Dublin Bay North,O'Brien,Michael,,1,0,0,11213,2262,0,722,722,13,174
Dublin Bay North,O'Callaghan,Cian,,1,0,0,5706,0,0,6229,6229,13,175
Dublin Bay North,O'Leary,Sean,,1,0,0,11919,2968,0,16,16,13,177
Dublin Bay North,Ó'Ríordáin,Aodhï¿½n,,1,0,0,3808,0,0,8127,8127,13,178
Dublin Bay South,Andrews,Chris,,1,0,0,1558,0,0,6361,6361,17,161
Dublin Bay South,Burke,Norma,,1,0,0,7809,1870,0,110,110,17,162
Dublin Bay South,Dooley,Peter,,1,0,0,7638,1699,0,281,281,17,163
Dublin Bay South,Durcan,Sarah,,1,0,0,6118,179,0,1801,1801,17,164
Dublin Bay South,Flynn,Mannix,,1,0,0,7274,1335,0,645,645,17,165
Dublin Bay South,Gilbourne,Jacqui,,1,0,0,7285,1346,0,634,634,17,166
Dublin Bay South,Humphreys,Kevin,,1,0,0,4798,0,0,3121,3121,17,167
Dublin Bay South,Keigher,John Dominic,,1,0,0,7871,1932,0,48,48,17,168
Dublin Bay South,Mooney,Annette,,1,0,0,6917,978,0,1002,1002,17,169
Dublin Bay South,Murphy,Eoghan,,1,0,0,1573,0,0,6346,6346,17,170
Dublin Bay South,O'Callaghan,Jim,,1,0,0,2445,0,0,5474,5474,17,171
Dublin Bay South,O'Connell,Kate,,1,0,0,3295,0,0,4624,4624,17,172
Dublin Bay South,O'Leary,Sean,,1,0,0,7908,1969,0,11,11,17,173
Dublin Bay South,Ryan,Eamonn,Elected,1,0,1,0,0,0,8888,8888,17,174
Dublin Bay South,Scallan,Ben,,1,0,0,7674,1735,0,245,245,17,175
Dublin Central,Brien,Gillian,,1,0,0,5512,797,0,776,776,11,161
Dublin Central,Burke,Christy,,1,0,0,4779,64,0,1509,1509,11,162
Dublin Central,Clohessy,Patrick,,1,0,0,6255,1540,0,33,33,11,163
Dublin Central,Costello,Joe,,1,0,0,4586,0,0,1702,1702,11,164
Dublin Central,Donohoe,Paschal,,1,0,0,2107,0,0,4181,4181,11,165
Dublin Central,Duffy,Deirdre,,1,0,0,5718,1003,0,570,570,11,166
Dublin Central,Fitzpatrick,Mary,,1,0,0,3060,0,0,3228,3228,11,167
Dublin Central,Gannon,Gary,,1,0,0,3376,0,0,2912,2912,11,168
Dublin Central,Harrold,Rita,,1,0,0,6087,1372,0,201,201,11,169
Dublin Central,Hourigan,Neasa,,1,0,0,2437,0,0,3851,3851,11,170
Dublin Central,McDonald,Mary Lou,Elected,1,0,1,0,0,0,11223,11223,11,171
Dublin Central,Mulligan,Sarah Louise,,1,0,0,6164,1449,0,124,124,11,172
Dublin Central,O'Leary,Sean,,1,0,0,6276,1561,0,12,12,11,173
Dublin Central,Ryan,ï¿½ilis,,1,0,0,5859,1144,0,429,429,11,174
Dublin Central,Smyth,Ian Noel,,1,0,0,5705,990,0,583,583,11,175
Dublin Central,Webster,Dolores,,1,0,0,6187,1472,0,101,101,11,176
Dublin Fingal,Brady,Glenn,,1,0,0,10038,2108,0,536,536,14,173
Dublin Fingal,Clifford-Lee,Lorraine,,1,0,0,7051,0,0,3523,3523,14,174
Dublin Fingal,Farrell,Alan,,1,0,0,4361,0,0,6213,6213,14,175
Dublin Fingal,Kelleher,Terry,,1,0,0,9900,1970,0,674,674,14,176
Dublin Fingal,Mulligan,Dean,,1,0,0,8045,115,0,2529,2529,14,177
Dublin Fingal,Mulville,Paul,,1,0,0,8368,438,0,2206,2206,14,178
Dublin Fingal,Murphy,Tony,,1,0,0,6952,0,0,3622,3622,14,179
Dublin Fingal,O'Brien,Darragh,,1,0,0,463,0,0,10111,10111,14,180
Dublin Fingal,O'Brien,Joe,,1,0,0,2174,0,0,8400,8400,14,181
Dublin Fingal,O'Doherty,Gemma,,1,0,0,9322,1392,0,1252,1252,14,182
Dublin Fingal,O'Reilly,Louise,Elected,1,0,1,0,0,0,15792,15792,14,183
Dublin Fingal,Reilly,James,,1,0,0,7294,0,0,3280,3280,14,184
Dublin Fingal,Smith,Alistair,,1,0,0,10531,2601,0,43,43,14,185
Dublin Fingal,Smith,Duncan,,1,0,0,6061,0,0,4513,4513,14,187
Dublin Fingal,Sweetman,Sandra,,1,0,0,10315,2385,0,259,259,14,188
Dublin Fingal,Uwhumiakpor,Oghenetano John,,1,0,0,10087,2157,0,487,487,14,189
Dublin Mid West,Casserly,Vicki,,1,0,0,5590,0,0,3501,3501,643,190
Dublin Mid West,Curran,John,,1,0,0,4160,0,0,4931,4931,643,191
Dublin Mid West,Gardiner,David,,1,0,0,8639,1821,0,452,452,643,192
Dublin Mid West,Gogarty,Paul Nicholas,,1,0,0,6141,0,0,2950,2950,643,193
Dublin Mid West,Higgins,Emer,,1,0,0,4604,0,0,4487,4487,643,194
Dublin Mid West,Kavanagh,Peter,,1,0,0,6306,0,0,2785,2785,643,195
Dublin Mid West,Kenny,Gino,,1,0,0,5519,0,0,3572,3572,643,196
Dublin Mid West,Mc Clean,Caitrï¿½ona,,1,0,0,8424,1606,0,667,667,643,197
Dublin Mid West,Ó Broin,Eoin,Elected,1,0,1,0,0,0,11842,11842,643,198
Dublin Mid West,Timmons,Francis,,1,0,0,7988,1170,0,1103,1103,643,199
Dublin Mid West,Tuffy,Joanna,,1,0,0,7550,732,0,1541,1541,643,200
Dublin Mid West,Ward,Mark,,1,0,0,1470,0,0,7621,7621,643,201
Dublin North West,Conroy,Caroline,,1,0,0,6549,477,0,1548,1548,15,161
Dublin North West,Croft,Ian,,1,0,0,7888,1816,0,209,209,15,162
Dublin North West,Ellis,Dessie,Elected,1,0,1,0,0,0,14375,14375,15,163
Dublin North West,Fitzgerald,Niall,,1,0,0,7982,1910,0,115,115,15,164
Dublin North West,McAuliffe,Paul,,1,0,0,4195,0,0,3902,3902,15,165
Dublin North West,Montague,Andrew,,1,0,0,7249,1177,0,848,848,15,166
Dublin North West,Reddy,Conor,,1,0,0,6882,810,0,1215,1215,15,167
Dublin North West,Redmond,Stephen,,1,0,0,7626,1554,0,471,471,15,168
Dublin North West,Rock,Noel,,1,0,0,4518,0,0,3579,3579,15,169
Dublin North West,Shortall,Rï¿½isï¿½n,,1,0,0,1973,0,0,6124,6124,15,170
Dublin Rathdown,Brennan,Shay,,1,0,0,6052,0,0,4549,4549,18,202
Dublin Rathdown,Conroy,Deirdre,,1,0,0,9715,1765,0,886,886,18,203
Dublin Rathdown,Coughlan,Liam,,1,0,0,9188,1238,0,1413,1413,18,204
Dublin Rathdown,Madigan,Josepha,,1,0,0,4119,0,0,6482,6482,18,205
Dublin Rathdown,Martin,Catherine,,1,0,0,1643,0,0,8958,8958,18,206
Dublin Rathdown,McCarthy,Lettie,,1,0,0,7422,0,0,3179,3179,18,207
Dublin Rathdown,Nic Cormaic,Sorcha Nic Cormaic,,1,0,0,5675,0,0,4926,4926,18,208
Dublin Rathdown,Noonan,Patrick,,1,0,0,10251,2301,0,350,350,18,209
Dublin Rathdown,Ó Ceannabháin,Eoghan,,1,0,0,9103,1153,0,1498,1498,18,210
Dublin Rathdown,Richmond,Neale,,1,0,0,3858,0,0,6743,6743,18,211
Dublin Rathdown,Ross,Shane,,1,0,0,7182,0,0,3419,3419,18,212
Dublin South Central,Ardagh,Catherine,,1,0,0,3877,0,0,4782,4782,16,161
Dublin South Central,Byrne,Catherine,,1,0,0,3581,0,0,5078,5078,16,162
Dublin South Central,Collins,Joan,,1,0,0,5828,0,0,2831,2831,16,163
Dublin South Central,Costello,Patrick,,1,0,0,4618,0,0,4041,4041,16,164
Dublin South Central,Deacy,Tara,,1,0,0,7064,570,0,1595,1595,16,165
Dublin South Central,Ervine,Serina,,1,0,0,8027,1533,0,632,632,16,167
Dublin South Central,Foley,Robert,,1,0,0,8581,2087,0,78,78,16,166
Dublin South Central,Kerrigan,Alan,,1,0,0,8513,2019,0,146,146,16,168
Dublin South Central,Moynihan,Rebecca,,1,0,0,6564,70,0,2095,2095,16,169
Dublin South Central,Murray,Richard,,1,0,0,8452,1958,0,207,207,16,170
Dublin South Central,O'Leary,Sean,,1,0,0,8621,2127,0,38,38,16,171
Dublin South Central,Ó'Snodaigh,Aengus,Elected,1,0,1,0,0,0,17015,17015,16,172
Dublin South Central,Smith,Brï¿½d,,1,0,0,3906,0,0,4753,4753,16,173
Dublin South West,Ahern,Ciarï¿½n,,1,0,0,7658,0,0,3603,3603,19,213
Dublin South West,Bailey,Carly,,1,0,0,8500,55,0,2761,2761,19,214
Dublin South West,Brophy,Colm,,1,0,0,2992,0,0,8269,8269,19,215
Dublin South West,Condren,Anne Marie,,1,0,0,10375,1930,0,886,886,19,216
Dublin South West,Crowe,Seï¿½n,Elected,1,0,1,0,0,0,20077,20077,19,217
Dublin South West,Duff,Mick,,1,0,0,9993,1548,0,1268,1268,19,218
Dublin South West,Duffy,Francis Noel,,1,0,0,6300,0,0,4961,4961,19,219
Dublin South West,Dwyer,Philip,,1,0,0,10753,2308,0,508,508,19,220
Dublin South West,Fay,Sandra,,1,0,0,9608,1163,0,1653,1653,19,221
Dublin South West,Lahart,John,,1,0,0,5758,0,0,5503,5503,19,222
Dublin South West,Murphy,Paul,,1,0,0,6784,0,0,4477,4477,19,223
Dublin South West,O'Connor,Charlie,,1,0,0,7885,0,0,3376,3376,19,224
Dublin South West,O'Donovan,Deirdre,,1,0,0,7947,0,0,3314,3314,19,225
Dublin South West,O'Keeffe,Colm,,1,0,0,11171,2726,0,90,90,19,226
Dublin South West,O'Malley Dunlop,Ellen,,1,0,0,8150,0,0,3111,3111,19,227
Dublin South West,Zappone,Katherine,,1,0,0,7553,0,0,3708,3708,19,228
Dublin West,Burton,Joan,,1,0,0,6630,86,0,2096,2096,20,229
Dublin West,Casey,Peter,,1,0,0,8231,1687,0,495,495,20,230
Dublin West,Chambers,Jack,,1,0,0,1834,0,0,6892,6892,20,231
Dublin West,Coppinger,Ruth,,1,0,0,4373,0,0,4353,4353,20,232
Dublin West,Currie,Emer,,1,0,0,6856,312,0,1870,1870,20,233
Dublin West,Donnelly,Paul,Elected,1,0,1,0,0,0,12456,12456,20,234
Dublin West,MacManus,Edward,,1,0,0,7664,1120,0,1062,1062,20,235
Dublin West,Ó Maoláin,Aengus,,1,0,0,7909,1365,0,817,817,20,239
Dublin West,O'Gorman,Roderic,,1,0,0,3825,0,0,4901,4901,20,236
Dublin West,O'Leary,Sean,,1,0,0,8702,2158,0,24,24,20,237
Dublin West,O'Loughlin,Stephen,,1,0,0,8542,1998,0,184,184,20,238
Dublin West,Varadkar,Leo,,1,0,0,248,0,0,8478,8478,20,240
Dun Laoghaire,Boyd Barrett,Richard,,1,0,0,2827,0,0,9632,9632,21,241
Dun Laoghaire,Carroll MacNeill,Jennifer,,1,0,0,4705,0,0,7754,7754,21,242
Dun Laoghaire,Devlin,Cormac,,1,0,0,6744,0,0,5715,5715,21,243
Dun Laoghaire,Hanafin,Mary,,1,0,0,8263,0,0,4196,4196,21,244
Dun Laoghaire,Mitchell O'Connor,Mary,,1,0,0,5129,0,0,7330,7330,21,245
Dun Laoghaire,Ó Laoghaire,Con ï¿½g,,1,0,0,12340,2996,0,119,119,21,248
Dun Laoghaire,O'Brien,Shane,,1,0,0,6457,0,0,6002,6002,21,246
Dun Laoghaire,O'Connell,Juliet,,1,0,0,9450,106,0,3009,3009,21,247
Dun Laoghaire,Quinn,Dave,,1,0,0,11077,1733,0,1382,1382,21,249
Dun Laoghaire,Smyth,Ossian,,1,0,0,3159,0,0,9300,9300,21,250
Dun Laoghaire,Tï¿½ibï¿½n,Mairï¿½ad,,1,0,0,11274,1930,0,1185,1185,21,251
Dun Laoghaire,Ward,Barry,,1,0,0,6715,0,0,5744,5744,21,252
Dun Laoghaire,Waters,John,,1,0,0,11534,2190,0,925,925,21,253
Galway East,CANNEY,Seï¿½n,,1,0,0,2816,0,0,7815,7815,22,161
Galway East,CANNON,Ciaran,,1,0,0,4333,0,0,6298,6298,22,162
Galway East,KILLILEA,Donagh Mark,,1,0,0,5699,0,0,4932,4932,22,163
Galway East,MAC CANNA,Deaglï¿½n,,1,0,0,10505,2532,0,126,126,22,164
Galway East,MADDEN,Eoin,,1,0,0,8707,734,0,1924,1924,22,165
Galway East,O'HARA,Louis,,1,0,0,3523,0,0,7108,7108,22,166
Galway East,O'REILLY,David,,1,0,0,10385,2412,0,246,246,22,167
Galway East,RABBITTE,Anne,,1,0,0,4869,0,0,5762,5762,22,168
Galway East,REID,Peter,,1,0,0,9783,1810,0,848,848,22,169
Galway East,ROCHE,Peter,,1,0,0,4597,0,0,6034,6034,22,170
Galway East,SPELMAN,Marian,,1,0,0,9786,1813,0,845,845,22,171
Galway East,WARD,"Martin ""Jonesy""",,1,0,0,10049,2076,0,582,582,22,172
Galway West,Burke,Conor,,1,0,0,9562,2020,0,495,495,23,161
Galway West,Connolly,Catherine,,1,0,0,4618,0,0,5439,5439,23,162
Galway West,Crowe,Ollie,,1,0,0,4882,0,0,5175,5175,23,164
Galway West,Cubbard,Mike,,1,0,0,7381,0,0,2676,2676,23,165
Galway West,Cuï¿½v ï¿½,ï¿½amon,,1,0,0,1535,0,0,8522,8522,23,166
Galway West,Farrell,Mairï¿½ad,,1,0,0,1593,0,0,8464,8464,23,167
Galway West,Grealish,Noel,,1,0,0,2014,0,0,8043,8043,23,169
Galway West,Kyne,Seï¿½n,,1,0,0,4773,0,0,5284,5284,23,170
Galway West,Loughnane,Joe,,1,0,0,9620,2078,0,437,437,23,171
Galway West,Mc Nelis,Nï¿½all,,1,0,0,8509,967,0,1548,1548,23,172
Galway West,Naughton,Hildegarde,,1,0,0,4448,0,0,5609,5609,23,173
Galway West,Ó Corcoráin,Cormac,,1,0,0,8999,1457,0,1058,1058,23,163
Galway West,O Flaherty,Daragh,,1,0,0,9739,2197,0,318,318,23,168
Galway West,Ó Tuathail,Niall,,1,0,0,6434,0,0,3623,3623,23,175
Galway West,O'Reilly,Pauline,,1,0,0,6407,0,0,3650,3650,23,174
Kerry,Bowler,John,,1,0,0,12472,2764,0,473,473,24,161
Kerry,Brassil,John,,1,0,0,7514,0,0,5431,5431,24,162
Kerry,Cronin,Ted,,1,0,0,12554,2846,0,391,391,24,163
Kerry,Daly,Pa,Elected,1,0,1,0,0,0,15733,15733,24,164
Kerry,Foley,Norma,,1,0,0,6089,0,0,6856,6856,24,165
Kerry,Foran,Sonny,,1,0,0,11836,2128,0,1109,1109,24,166
Kerry,Griffin,Brendan,,1,0,0,2649,0,0,10296,10296,24,167
Kerry,Healy-Rae,Danny,,1,0,0,4282,0,0,8663,8663,24,168
Kerry,Healy-Rae,Michael,Elected,1,0,1,0,0,0,16818,16818,24,169
Kerry,Kennelly,Mike,,1,0,0,8971,0,0,3974,3974,24,170
Kerry,Moriarty,Norma,,1,0,0,9178,0,0,3767,3767,24,171
Kerry,Murphy,Cleo,,1,0,0,8823,0,0,4122,4122,24,172
Kerry,O'Leary,Sean,,1,0,0,12912,3204,0,33,33,24,173
Kildare North,Cronin,Rï¿½ada,,1,0,0,1485,0,0,8705,8705,26,163
Kildare North,Durkan,Bernard,,1,0,0,4743,0,0,5447,5447,26,164
Kildare North,Lawless,James,,1,0,0,3161,0,0,7029,7029,26,165
Kildare North,Lawlor,Anthony,,1,0,0,6569,0,0,3621,3621,26,166
Kildare North,Mahon,Paul,,1,0,0,9329,1687,0,861,861,26,167
Kildare North,Martin,Vincent P.,,1,0,0,5090,0,0,5100,5100,26,168
Kildare North,Monaghan,David,,1,0,0,9993,2351,0,197,197,26,169
Kildare North,Murphy,Catherine,,1,0,0,382,0,0,9808,9808,26,170
Kildare North,Ó Riain,Sï¿½amus,,1,0,0,9223,1581,0,967,967,26,171
Kildare North,O'Rourke,Frank,,1,0,0,3854,0,0,6336,6336,26,172
Kildare North,Stagg,Emmet,,1,0,0,7439,0,0,2751,2751,26,173
Kildare North,Swords,Wayne,,1,0,0,10067,2425,0,123,123,26,174
Kildare South,Berry,Cathal,,1,0,0,6074,0,0,5742,5742,187,163
Kildare South,Doyle,Suzanne,,1,0,0,8236,0,0,3580,3580,187,164
Kildare South,Hayden,Linda,,1,0,0,10478,1617,0,1338,1338,187,165
Kildare South,Heydon,Martin,,1,0,0,3747,0,0,8069,8069,187,166
Kildare South,Maher,Ronan,,1,0,0,10177,1316,0,1639,1639,187,167
Kildare South,McLoughlin Healy,Fiona,,1,0,0,8200,0,0,3616,3616,187,168
Kildare South,Mhic Gib,Anita,,1,0,0,11119,2258,0,697,697,187,169
Kildare South,O'Loughlin,Fiona,,1,0,0,5889,0,0,5927,5927,187,170
Kildare South,Ryan,Patricia,,1,0,0,1661,0,0,10155,10155,187,171
Kildare South,Uï¿½ Bhroin,Rï¿½isï¿½n,,1,0,0,11218,2357,0,598,598,187,172
Kildare South,Wall,Mark,,1,0,0,5917,0,0,5899,5899,187,173
Laois Offaly,Corcoran Kennedy,Marcella,,1,0,0,7052,0,0,4519,4519,27,161
Laois Offaly,Cowen,Barry,,1,0,0,2894,0,0,8677,8677,27,162
Laois Offaly,Daly,John,,1,0,0,11130,2452,0,441,441,27,163
Laois Offaly,Flanagan,Charlie,,1,0,0,4108,0,0,7463,7463,27,164
Laois Offaly,Flanagan,Pauline,,1,0,0,9827,1149,0,1744,1744,27,165
Laois Offaly,Fleming,Sean,,1,0,0,3935,0,0,7636,7636,27,166
Laois Offaly,Hackett,Pippa,,1,0,0,8077,0,0,3494,3494,27,167
Laois Offaly,Leahy,John,,1,0,0,8108,0,0,3463,3463,27,168
Laois Offaly,Nolan,Carol,,1,0,0,6135,0,0,5436,5436,27,169
Laois Offaly,Ormond,Peter,,1,0,0,7498,0,0,4073,4073,27,170
Laois Offaly,O'Rourke,Noel,,1,0,0,11281,2603,0,290,290,27,172
Laois Offaly,Smollen,Ken,,1,0,0,8960,282,0,2611,2611,27,173
Laois Offaly,Stanley,Brian,Elected,1,0,1,0,0,0,16654,16654,27,174
Laois Offaly,Touhy,Noel,,1,0,0,9560,882,0,2011,2011,27,175
Laois Offaly,Tynan,Stephen,,1,0,0,10661,1983,0,910,910,27,176
Limerick City,Barrett,Rebecca,,1,0,0,8881,1962,0,345,345,28,161
Limerick City,Blake,Jenny,,1,0,0,7427,508,0,1799,1799,28,162
Limerick City,Byrne,Maria,,1,0,0,6228,0,0,2998,2998,28,163
Limerick City,Cahillane,Mary,,1,0,0,8525,1606,0,701,701,28,164
Limerick City,Collins,James,,1,0,0,6467,0,0,2759,2759,28,165
Limerick City,Daly,Frankie,,1,0,0,6026,0,0,3200,3200,28,166
Limerick City,Leddin,Brian,,1,0,0,5974,0,0,3252,3252,28,167
Limerick City,O'Dea,Willie,,1,0,0,28,0,0,9198,9198,28,168
Limerick City,O'Donnell,Kieran,,1,0,0,2637,0,0,6589,6589,28,169
Limerick City,O'Sullivan,Jan,,1,0,0,6497,0,0,2729,2729,28,170
Limerick City,Quinlivan,Maurice,Elected,1,0,1,0,0,0,11006,11006,28,171
Limerick City,Ryan,Michael,,1,0,0,7673,754,0,1553,1553,28,172
Limerick County,Collins,Michael,,1,0,0,6373,0,0,5150,5150,29,161
Limerick County,Collins,Niall,,1,0,0,3087,0,0,8436,8436,29,162
Limerick County,Cremin,Con,,1,0,0,11150,2508,0,373,373,29,163
Limerick County,Dalton,John,,1,0,0,11210,2568,0,313,313,29,164
Limerick County,Keating,Claire,,1,0,0,9020,378,0,2503,2503,29,165
Limerick County,Neville,Tom,,1,0,0,5713,0,0,5810,5810,29,166
Limerick County,Ni Mhaoldhomhnaigh,Cristin,,1,0,0,11299,2657,0,224,224,29,167
Limerick County,O'Ceallaigh,Seighin,,1,0,0,4607,0,0,6916,6916,29,168
Limerick County,O'Donnell,Robert,,1,0,0,11121,2479,0,402,402,29,169
Limerick County,O'Donoghue,Conor,,1,0,0,10809,2167,0,714,714,29,170
Limerick County,O'Donoghue,Richard,,1,0,0,5502,0,0,6021,6021,29,171
Limerick County,O'Donovan,Patrick,,1,0,0,2295,0,0,9228,9228,29,172
Longford Westmeath,Burke,Peter,,1,0,0,4660,0,0,6617,6617,30,161
Longford Westmeath,Carrigy,Micheï¿½l,,1,0,0,4943,0,0,6334,6334,30,162
Longford Westmeath,Clarke,Sorca,Elected,1,0,1,0,0,0,11848,11848,30,163
Longford Westmeath,Flaherty,Joe,,1,0,0,3611,0,0,7666,7666,30,164
Longford Westmeath,Heavin,Louise,,1,0,0,8952,495,0,2325,2325,30,165
Longford Westmeath,Jackson,Donal,,1,0,0,11206,2749,0,71,71,30,166
Longford Westmeath,Kavanagh,Anna,,1,0,0,10943,2486,0,334,334,30,167
Longford Westmeath,Kilbride,Frank,,1,0,0,11080,2623,0,197,197,30,168
Longford Westmeath,Mangan,Alan Budda,,1,0,0,9373,916,0,1904,1904,30,169
Longford Westmeath,McFadden,Gab,,1,0,0,9866,1409,0,1411,1411,30,170
Longford Westmeath,Moran,Kevin Boxer,,1,0,0,4547,0,0,6730,6730,30,171
Longford Westmeath,Parker,Dom,,1,0,0,11056,2599,0,221,221,30,172
Longford Westmeath,Reynolds,James,,1,0,0,10294,1837,0,983,983,30,173
Longford Westmeath,Smyth,Barbara,,1,0,0,10866,2409,0,411,411,30,174
Longford Westmeath,Troy,Robert,,1,0,0,1946,0,0,9331,9331,30,175
Louth,Bird,Topanga,,1,0,0,11535,2702,0,243,243,31,161
Louth,Bradley,David,,1,0,0,11522,2689,0,256,256,31,162
Louth,Breathnach,Declan,,1,0,0,5997,0,0,5781,5781,31,163
Louth,Byrne,Albert D,,1,0,0,11633,2800,0,145,145,31,164
Louth,Byrne,James,,1,0,0,7867,0,0,3911,3911,31,165
Louth,Dearey,Mark,,1,0,0,6360,0,0,5418,5418,31,166
Louth,Fergus,Audrey,,1,0,0,10658,1825,0,1120,1120,31,167
Louth,Fitzpatrick,Peter,,1,0,0,5693,0,0,6085,6085,31,168
Louth,McGahon,John,,1,0,0,7336,0,0,4442,4442,31,169
Louth,Munster,Imelda,Elected,1,0,1,0,0,0,17203,17203,31,170
Louth,Nash,Ged,,1,0,0,5954,0,0,5824,5824,31,171
Louth,Ó Murchú,Cathal,,1,0,0,11204,2371,0,574,574,31,173
Louth,Ó Murchú,Ruairï¿½,Elected,1,0,1,0,0,0,12491,12491,31,174
Louth,O'Dowd,Fergus,,1,0,0,5398,0,0,6380,6380,31,172
Louth,Sweeney,Eamon,,1,0,0,10984,2151,0,794,794,31,175
Mayo,Calleary,Dara,,1,0,0,3708,0,0,9163,9163,32,184
Mayo,Chambers,Lisa,,1,0,0,6498,0,0,6373,6373,32,185
Mayo,Conway-Walsh,Rose,Elected,1,0,1,0,0,0,14633,14633,32,186
Mayo,Daly,Joe,,1,0,0,12150,2497,0,721,721,32,187
Mayo,De Barra,Grï¿½inne Sinï¿½ad,,1,0,0,12787,3134,0,84,84,32,188
Mayo,Dillon,Alan,,1,0,0,7673,0,0,5198,5198,32,189
Mayo,Forkin,Sean,,1,0,0,12812,3159,0,59,59,32,190
Mayo,Lawless,Paul,,1,0,0,10297,644,0,2574,2574,32,191
Mayo,Loftus,Gerry,,1,0,0,12297,2644,0,574,574,32,192
Mayo,Manning,Stephen,,1,0,0,12806,3153,0,65,65,32,193
Mayo,McHugh,Saoirse,,1,0,0,8694,0,0,4177,4177,32,194
Mayo,Mulherin,Michelle,,1,0,0,7436,0,0,5435,5435,32,195
Mayo,Ó Fallamháin,Daithï¿½,,1,0,0,12625,2972,0,246,246,32,196
Mayo,Ring,Michael,Elected,1,0,1,0,0,0,14796,14796,32,197
Mayo,Uddin,Kamal,,1,0,0,12616,2963,0,255,255,32,198
Meath East,Bonner,Joe,,1,0,0,7553,0,0,2934,2934,34,161
Meath East,Byrne,Thomas,,1,0,0,4448,0,0,6039,6039,34,162
Meath East,Doherty,Regina,,1,0,0,6307,0,0,4180,4180,34,163
Meath East,Geraghty-Smith,Deirdre,,1,0,0,8546,681,0,1941,1941,34,164
Meath East,Hoey,Annie,,1,0,0,9613,1748,0,874,874,34,165
Meath East,Keegan,Andrew,,1,0,0,9918,2053,0,569,569,34,166
Meath East,Keogan,Sharon,,1,0,0,8012,147,0,2475,2475,34,167
Meath East,McCabe,Seï¿½n,,1,0,0,7236,0,0,3251,3251,34,168
Meath East,McDonagh,Seamus,,1,0,0,10353,2488,0,134,134,34,169
Meath East,McEntee,Helen,,1,0,0,2796,0,0,7691,7691,34,170
Meath East,O'Rourke,Darren,,1,0,0,264,0,0,10223,10223,34,171
Meath East,Tï¿½ibï¿½n,Emer,,1,0,0,8853,988,0,1634,1634,34,172
Meath West,Cassells,Shane,,1,0,0,3635,0,0,6742,6742,39,161
Meath West,English,Damien,,1,0,0,4878,0,0,5499,5499,39,162
Meath West,French,Noel,,1,0,0,7425,0,0,2952,2952,39,163
Meath West,Guirke,Johnny,Elected,1,0,1,0,0,0,12652,12652,39,164
Meath West,Malone,John,,1,0,0,10168,2386,0,209,209,39,165
Meath West,McMenamin,Sï¿½amus,,1,0,0,8442,660,0,1935,1935,39,166
Meath West,Moore,Ronan,,1,0,0,8001,219,0,2376,2376,39,167
Meath West,Reilly,Sarah,,1,0,0,8560,778,0,1817,1817,39,168
Meath West,Tï¿½ibï¿½n,Peadar,,1,0,0,3055,0,0,7322,7322,39,169
Roscommon - Galway,Dolan,Aisling,,1,0,0,5938,0,0,5466,5466,996,161
Roscommon - Galway,Fallon,Thomas P,,1,0,0,11316,2764,0,88,88,996,163
Roscommon - Galway,Fitzmaurice,Michael,Elected,1,0,1,0,0,0,13077,13077,996,162
Roscommon - Galway,Hanley,Paul,,1,0,0,11085,2533,0,319,319,996,164
Roscommon - Galway,Hope,James,,1,0,0,10900,2348,0,504,504,996,165
Roscommon - Galway,Kerrane,Claire,,1,0,0,3401,0,0,8003,8003,996,166
Roscommon - Galway,Leyden,Orla,,1,0,0,8451,0,0,2953,2953,996,167
Roscommon - Galway,Murphy,Eugene,,1,0,0,6459,0,0,4945,4945,996,168
Roscommon - Galway,Naughten,Denis,,1,0,0,2982,0,0,8422,8422,996,169
Roscommon - Galway,O'Donoghue,Julie,,1,0,0,9991,1439,0,1413,1413,996,170
Roscommon - Galway,Tynan,Kenny,,1,0,0,10982,2430,0,422,422,996,171
Sligo Leitrim,Bree,Declan,,1,0,0,9901,799,0,2236,2236,35,161
Sligo Leitrim,Conway,James,,1,0,0,10783,1681,0,1354,1354,35,162
Sligo Leitrim,Cosgrove,Nessa,,1,0,0,10959,1857,0,1178,1178,35,163
Sligo Leitrim,Ellis,Shane,,1,0,0,9384,282,0,2753,2753,35,164
Sligo Leitrim,Feighan,Frankie,,1,0,0,6799,0,0,5338,5338,35,165
Sligo Leitrim,Gallagher,Blï¿½ithï¿½n,,1,0,0,10346,1244,0,1791,1791,35,166
Sligo Leitrim,Harkin,Marian,,1,0,0,5165,0,0,6972,6972,35,167
Sligo Leitrim,Kenny,Martin,Elected,1,0,1,0,0,0,15035,15035,35,168
Sligo Leitrim,MacSharry,Marc,,1,0,0,5133,0,0,7004,7004,35,169
Sligo Leitrim,McCloskey,Anne,,1,0,0,11769,2667,0,368,368,35,170
Sligo Leitrim,McWeeney,Paul,,1,0,0,11686,2584,0,451,451,35,171
Sligo Leitrim,O'Boyle,Gino,,1,0,0,10391,1289,0,1746,1746,35,172
Sligo Leitrim,O'Donnell,Mary,,1,0,0,12091,2989,0,46,46,35,173
Sligo Leitrim,O'Dwyer,Oisin,,1,0,0,12062,2960,0,75,75,35,174
Sligo Leitrim,O'Hara,Bernie,,1,0,0,11487,2385,0,650,650,35,175
Sligo Leitrim,Perry,John,,1,0,0,10770,1668,0,1367,1367,35,176
Sligo Leitrim,Scanlon,Eamon,,1,0,0,5891,0,0,6246,6246,35,177
Sligo Leitrim,Walsh,Thomas,,1,0,0,7377,0,0,4760,4760,35,178
Sligo Leitrim,Wynne,Sean,,1,0,0,10827,1725,0,1310,1310,35,179
Tipperary,AHEARN,GARRET,,1,0,0,7426,0,0,6206,6206,36,184
Tipperary,BROWNE,MARTIN,,1,0,0,3628,0,0,10004,10004,36,185
Tipperary,CAHILL,Dolores,,1,0,0,13111,2888,0,521,521,36,186
Tipperary,CAHILL,JACKIE,,1,0,0,5692,0,0,7940,7940,36,187
Tipperary,FARRELL,SANDRA,,1,0,0,11399,1176,0,2233,2233,36,188
Tipperary,GOLDSBORO,IMELDA,,1,0,0,9550,0,0,4082,4082,36,189
Tipperary,HANNIIGAN,JOE,,1,0,0,8917,0,0,4715,4715,36,190
Tipperary,HEALY,SEAMUS,,1,0,0,7803,0,0,5829,5829,36,191
Tipperary,KELLY,ALAN,,1,0,0,5775,0,0,7857,7857,36,192
Tipperary,LOWRY,MICHAEL,Elected,1,0,1,0,0,0,14802,14802,36,193
Tipperary,MCGRATH,MATTIE,,1,0,0,4311,0,0,9321,9321,36,194
Tipperary,"NEWMAN JULIAN,",MARY,,1,0,0,8706,0,0,4926,4926,36,195
Tipperary,O'DONNELL,ROB,,1,0,0,10462,239,0,3170,3170,36,196
Tipperary,SKEHAN,MARESE,,1,0,0,13450,3227,0,182,182,36,197
Waterford,BUTLER,MARY,,1,0,0,4108,0,0,6644,6644,38,161
Waterford,CLEARY,DR RONAN,,1,0,0,9703,1640,0,1049,1049,38,163
Waterford,CULLINANE,DAVID,Elected,1,0,1,0,0,0,20569,20569,38,164
Waterford,CUMMINS,JOHN,,1,0,0,6160,0,0,4592,4592,38,165
Waterford,DUNPHY,UNA,,1,0,0,9599,1536,0,1153,1153,38,166
Waterford,GEOGHEGAN,DAMIEN,,1,0,0,6463,0,0,4289,4289,38,167
Waterford,MULLIGAN,EDDIE,,1,0,0,8098,35,0,2654,2654,38,168
Waterford,O CATHASAIGH,MARC,,1,0,0,6756,0,0,3996,3996,38,169
Waterford,PHILLIPS,BERNADETTE,,1,0,0,10428,2365,0,324,324,38,170
Waterford,PRATT,JOHN,,1,0,0,7254,0,0,3498,3498,38,171
Waterford,SHANAHAN,MATT,,1,0,0,5762,0,0,4990,4990,38,172
Wexford,BROWNE,JAMES,,1,0,0,4455,0,0,8058,8058,40,196
Wexford,Byrne,Malcolm,,1,0,0,6368,0,0,6145,6145,40,197
Wexford,Carthy,Ger,,1,0,0,9489,105,0,3024,3024,40,199
Wexford,Codd,Jim,,1,0,0,10995,1611,0,1518,1518,40,200
Wexford,D'Arcy,Michael,,1,0,0,6041,0,0,6472,6472,40,201
Wexford,Howlin,Brendan,,1,0,0,3290,0,0,9223,9223,40,202
Wexford,Kehoe,Paul,,1,0,0,6176,0,0,6337,6337,40,203
Wexford,McDonald,Lisa,,1,0,0,11162,1778,0,1351,1351,40,204
Wexford,Murphy,Bart James,,1,0,0,12445,3061,0,68,68,40,205
Wexford,Murphy,Verona,,1,0,0,6688,0,0,5825,5825,40,206
Wexford,Mythen,Johnny,Elected,1,0,1,0,0,0,18717,18717,40,207
Wexford,O'Shea,Seanie,,1,0,0,11688,2304,0,825,825,40,208
Wexford,Roseingrave,Paula,,1,0,0,10485,1101,0,2028,2028,40,209
Wexford,Sheehan,Michael,,1,0,0,8147,0,0,4366,4366,40,210
Wexford,Wadding,Deirdre,,1,0,0,11397,2013,0,1116,1116,40,211
Wicklow,BEHAN,JOE,,1,0,0,8899,0,0,2988,2988,41,183
Wicklow,BRADY,JOHN,Elected,1,0,1,0,0,0,17297,17297,41,185
Wicklow,BRIGGS,SHARON,,1,0,0,10850,1935,0,1037,1037,41,186
Wicklow,CASEY,PAT,,1,0,0,7414,0,0,4473,4473,41,187
Wicklow,CONNOR,SEAMUS,,1,0,0,10836,1921,0,1051,1051,41,188
Wicklow,COX,VALERIE,,1,0,0,10082,1167,0,1805,1805,41,189
Wicklow,DONNELLY,STEPHEN,,1,0,0,6420,0,0,5467,5467,41,190
Wicklow,DOYLE,ANDREW,,1,0,0,6947,0,0,4940,4940,41,191
Wicklow,DUNNE,TOM,,1,0,0,11409,2494,0,478,478,41,192
Wicklow,FITZGERALD,ANTHONY,,1,0,0,11808,2893,0,79,79,41,193
Wicklow,GUNNING,EILEEN,,1,0,0,11488,2573,0,399,399,41,194
Wicklow,HARRIS,SIMON,,1,0,0,3122,0,0,8765,8765,41,195
Wicklow,KEDDY,CHARLIE,,1,0,0,11668,2753,0,219,219,41,196
Wicklow,KING,WILLIAM,,1,0,0,11867,2952,0,20,20,41,197
Wicklow,LARKIN,JOHN JOSEPH,,1,0,0,11714,2799,0,173,173,41,198
Wicklow,MATTHEWS,STEVEN,,1,0,0,6253,0,0,5634,5634,41,199
Wicklow,O BRIEN,PAUL,,1,0,0,10160,1245,0,1727,1727,41,200
Wicklow,SNELL,JOHN,,1,0,0,8837,0,0,3050,3050,41,201
Wicklow,TIMMINS,BILLY,,1,0,0,7208,0,0,4679,4679,41,202
Wicklow,WHITMORE,JENNIEFER,,1,0,0,4848,0,0,7039,7039,41,203
